<?xml version="1.0" encoding="utf-8"?>
<extension version="3.3" type="plugin" group="system" method="upgrade">
	<name>plg_system_authenticationlogger</name>
	<description>PLG_SYSTEM_AUTHENTICATIONLOGGER_DESCRIPTION</description>
	
	<author>Marco Beierer</author>
	<authorEmail>marco.beierer@mbsecurity.ch</authorEmail>
	<authorUrl>https://www.mbsecurity.ch</authorUrl>
	
	<version>1.0.0-alpha.2</version>
	<creationDate>June 2014</creationDate>
	
	<copyright>Copyright (C) 2014 Marco Beierer. All rights reserved.</copyright>
	<license>http://www.gnu.org/licenses/agpl-3.0.html GNU/AGPL</license>

	<files>
		<filename plugin="authenticationlogger">authenticationlogger.php</filename>
		<folder>language</folder>
	</files>
	
	<config>
		<fields name="params">
			<fieldset name="basic">
			</fieldset>
		</fields>
	</config>
</extension>
